Campaign,Ad Group,Ad type,Headline 1,Headline 2,Headline 3,Headline 4,Headline 5,Headline 6,Headline 7,Headline 8,Headline 9,Headline 10,Headline 11,Headline 12,Description 1,Description 2,Description 3,Description 4,Path 1,Path 2,Final URL
"Atlas Rouge - FR-France","A - Vendre","Responsive search ad","Vendez Votre Bien à Marrakech","Estimation Gratuite en 24h","Agence Francophone à Marrakech","Confiez-nous Votre Appartement","Vente Clé en Main","Experts Immobilier Marrakech","Acheteurs Internationaux","Accompagnement de A à Z","Sans Engagement","Vous Avez un Bien à Marrakech","Votre Bien, Notre Expertise","Vendre Vite et au Bon Prix","Vous possédez un bien à Marrakech ? Confiez sa vente à notre agence francophone.","Estimation gratuite et sans engagement. Photos pro et diffusion internationale.","Accompagnement complet jusqu'à la signature. Une équipe locale à votre service.","Demandez votre estimation gratuite dès aujourd'hui. Parlons de votre projet.","Vendre","Marrakech","https://atlasrouge.com/fr/vendre?utm_source=google&utm_medium=cpc&utm_campaign=fr-france&utm_content=vendre"
"Atlas Rouge - FR-France","B1 - Gestion locative","Responsive search ad","Gestion Locative à Marrakech","Louez Votre Bien Sans Souci","Agence Francophone à Marrakech","Nous Gérons Tout pour Vous","Estimation Gratuite en 24h","Locataires, Loyers, Entretien","Experts Immobilier Marrakech","Sans Engagement","Revenus Locatifs Sécurisés","Confiez-nous Votre Appartement","Accompagnement de A à Z","Votre Bien, Notre Expertise","Vous avez un bien à Marrakech ? Nous gérons sa location de A à Z, sans souci.","Recherche de locataires, encaissement des loyers, entretien. Vous percevez.","Agence francophone à Marrakech. Estimation gratuite et sans engagement.","Parlons de votre projet locatif. Demandez votre estimation aujourd'hui.","Gestion","Locative","https://atlasrouge.com/fr/gestion-locative?utm_source=google&utm_medium=cpc&utm_campaign=fr-france&utm_content=gestion-locative"
"Atlas Rouge - FR-France","B2 - Gestion Airbnb","Responsive search ad","Gestion Airbnb à Marrakech","Conciergerie Clé en Main","Votre Airbnb Géré de A à Z","Maximisez Vos Revenus","Ménage, Check-in, Annonces","Agence Francophone à Marrakech","Sans Engagement","Estimation Gratuite en 24h","Location Courte Durée","Nous Gérons Tout pour Vous","Experts Immobilier Marrakech","Plus de Réservations","Gestion Airbnb clé en main à Marrakech : annonces, voyageurs, ménage, check-in.","Maximisez les revenus de votre bien en courte durée. Vous n'avez rien à faire.","Agence francophone à Marrakech. Estimation gratuite et sans engagement.","Confiez-nous votre conciergerie. Demandez votre estimation dès aujourd'hui.","Conciergerie","Airbnb","https://atlasrouge.com/fr/gestion-locative?utm_source=google&utm_medium=cpc&utm_campaign=fr-france&utm_content=gestion-airbnb"
"Atlas Rouge - FR-France","C - Estimation","Responsive search ad","Estimation Gratuite en 24h","Quel Est le Prix de Votre Bien","Estimez Votre Bien à Marrakech","Sans Engagement","Prix du M² à Marrakech","Agence Francophone à Marrakech","Estimation Pro et Fiable","Connaissez la Valeur Réelle","Experts Immobilier Marrakech","Vendre ou Louer à Marrakech","Réponse en 24h","Votre Bien, Notre Expertise","Combien vaut votre bien à Marrakech ? Estimation gratuite, fiable et sans engagement.","Une équipe locale francophone estime votre appartement, villa ou riad.","Connaissez la valeur réelle de votre bien avant de vendre ou louer.","Demandez votre estimation gratuite en 24h. Parlons de votre projet.","Estimation","Gratuite","https://atlasrouge.com/fr/estimation?utm_source=google&utm_medium=cpc&utm_campaign=fr-france&utm_content=estimation"
"Atlas Rouge - FR-France","D - Agence","Responsive search ad","Agence Francophone à Marrakech","Vente, Location, Gestion","Votre Bien, Notre Expertise","Estimation Gratuite en 24h","Experts Immobilier Marrakech","Acheteurs Internationaux","Sans Engagement","Accompagnement de A à Z","Une Équipe Locale de Confiance","Confiez-nous Votre Bien","Vendez ou Louez Sereinement","Parlons de Votre Projet","Agence immobilière francophone à Marrakech. Vente, location et gestion clé en main.","Estimation gratuite, accompagnement complet et réseau d'acheteurs internationaux.","Une équipe locale de confiance pour votre bien à Marrakech. Sans engagement.","Demandez votre estimation gratuite dès aujourd'hui. Parlons de votre projet.","Agence","Marrakech","https://atlasrouge.com/fr/vendre?utm_source=google&utm_medium=cpc&utm_campaign=fr-france&utm_content=agence"
"Atlas Rouge - FR-Diaspora","A - Vendre","Responsive search ad","Vendez Votre Bien à Marrakech","Estimation Gratuite en 24h","Agence Francophone à Marrakech","Confiez-nous Votre Appartement","Vente Clé en Main","Experts Immobilier Marrakech","Acheteurs Internationaux","Accompagnement de A à Z","Sans Engagement","Vous Avez un Bien à Marrakech","Votre Bien, Notre Expertise","Vendre Vite et au Bon Prix","Vous possédez un bien à Marrakech ? Confiez sa vente à notre agence francophone.","Estimation gratuite et sans engagement. Photos pro et diffusion internationale.","Accompagnement complet jusqu'à la signature. Une équipe locale à votre service.","Demandez votre estimation gratuite dès aujourd'hui. Parlons de votre projet.","Vendre","Marrakech","https://atlasrouge.com/fr/vendre?utm_source=google&utm_medium=cpc&utm_campaign=fr-diaspora&utm_content=vendre"
"Atlas Rouge - FR-Diaspora","B1 - Gestion locative","Responsive search ad","Gestion Locative à Marrakech","Louez Votre Bien Sans Souci","Agence Francophone à Marrakech","Nous Gérons Tout pour Vous","Estimation Gratuite en 24h","Locataires, Loyers, Entretien","Experts Immobilier Marrakech","Sans Engagement","Revenus Locatifs Sécurisés","Confiez-nous Votre Appartement","Accompagnement de A à Z","Votre Bien, Notre Expertise","Vous avez un bien à Marrakech ? Nous gérons sa location de A à Z, sans souci.","Recherche de locataires, encaissement des loyers, entretien. Vous percevez.","Agence francophone à Marrakech. Estimation gratuite et sans engagement.","Parlons de votre projet locatif. Demandez votre estimation aujourd'hui.","Gestion","Locative","https://atlasrouge.com/fr/gestion-locative?utm_source=google&utm_medium=cpc&utm_campaign=fr-diaspora&utm_content=gestion-locative"
"Atlas Rouge - FR-Diaspora","B2 - Gestion Airbnb","Responsive search ad","Gestion Airbnb à Marrakech","Conciergerie Clé en Main","Votre Airbnb Géré de A à Z","Maximisez Vos Revenus","Ménage, Check-in, Annonces","Agence Francophone à Marrakech","Sans Engagement","Estimation Gratuite en 24h","Location Courte Durée","Nous Gérons Tout pour Vous","Experts Immobilier Marrakech","Plus de Réservations","Gestion Airbnb clé en main à Marrakech : annonces, voyageurs, ménage, check-in.","Maximisez les revenus de votre bien en courte durée. Vous n'avez rien à faire.","Agence francophone à Marrakech. Estimation gratuite et sans engagement.","Confiez-nous votre conciergerie. Demandez votre estimation dès aujourd'hui.","Conciergerie","Airbnb","https://atlasrouge.com/fr/gestion-locative?utm_source=google&utm_medium=cpc&utm_campaign=fr-diaspora&utm_content=gestion-airbnb"
"Atlas Rouge - FR-Diaspora","C - Estimation","Responsive search ad","Estimation Gratuite en 24h","Quel Est le Prix de Votre Bien","Estimez Votre Bien à Marrakech","Sans Engagement","Prix du M² à Marrakech","Agence Francophone à Marrakech","Estimation Pro et Fiable","Connaissez la Valeur Réelle","Experts Immobilier Marrakech","Vendre ou Louer à Marrakech","Réponse en 24h","Votre Bien, Notre Expertise","Combien vaut votre bien à Marrakech ? Estimation gratuite, fiable et sans engagement.","Une équipe locale francophone estime votre appartement, villa ou riad.","Connaissez la valeur réelle de votre bien avant de vendre ou louer.","Demandez votre estimation gratuite en 24h. Parlons de votre projet.","Estimation","Gratuite","https://atlasrouge.com/fr/estimation?utm_source=google&utm_medium=cpc&utm_campaign=fr-diaspora&utm_content=estimation"
"Atlas Rouge - FR-Diaspora","D - Agence","Responsive search ad","Agence Francophone à Marrakech","Vente, Location, Gestion","Votre Bien, Notre Expertise","Estimation Gratuite en 24h","Experts Immobilier Marrakech","Acheteurs Internationaux","Sans Engagement","Accompagnement de A à Z","Une Équipe Locale de Confiance","Confiez-nous Votre Bien","Vendez ou Louez Sereinement","Parlons de Votre Projet","Agence immobilière francophone à Marrakech. Vente, location et gestion clé en main.","Estimation gratuite, accompagnement complet et réseau d'acheteurs internationaux.","Une équipe locale de confiance pour votre bien à Marrakech. Sans engagement.","Demandez votre estimation gratuite dès aujourd'hui. Parlons de votre projet.","Agence","Marrakech","https://atlasrouge.com/fr/vendre?utm_source=google&utm_medium=cpc&utm_campaign=fr-diaspora&utm_content=agence"
"Atlas Rouge - Maroc","A - Vendre","Responsive search ad","Vendez Votre Bien à Marrakech","Estimation Gratuite en 24h","Agence Francophone à Marrakech","Confiez-nous Votre Appartement","Vente Clé en Main","Experts Immobilier Marrakech","Acheteurs Internationaux","Accompagnement de A à Z","Sans Engagement","Vous Avez un Bien à Marrakech","Votre Bien, Notre Expertise","Vendre Vite et au Bon Prix","Vous possédez un bien à Marrakech ? Confiez sa vente à notre agence francophone.","Estimation gratuite et sans engagement. Photos pro et diffusion internationale.","Accompagnement complet jusqu'à la signature. Une équipe locale à votre service.","Demandez votre estimation gratuite dès aujourd'hui. Parlons de votre projet.","Vendre","Marrakech","https://atlasrouge.com/fr/vendre?utm_source=google&utm_medium=cpc&utm_campaign=maroc&utm_content=vendre"
"Atlas Rouge - Maroc","B1 - Gestion locative","Responsive search ad","Gestion Locative à Marrakech","Louez Votre Bien Sans Souci","Agence Francophone à Marrakech","Nous Gérons Tout pour Vous","Estimation Gratuite en 24h","Locataires, Loyers, Entretien","Experts Immobilier Marrakech","Sans Engagement","Revenus Locatifs Sécurisés","Confiez-nous Votre Appartement","Accompagnement de A à Z","Votre Bien, Notre Expertise","Vous avez un bien à Marrakech ? Nous gérons sa location de A à Z, sans souci.","Recherche de locataires, encaissement des loyers, entretien. Vous percevez.","Agence francophone à Marrakech. Estimation gratuite et sans engagement.","Parlons de votre projet locatif. Demandez votre estimation aujourd'hui.","Gestion","Locative","https://atlasrouge.com/fr/gestion-locative?utm_source=google&utm_medium=cpc&utm_campaign=maroc&utm_content=gestion-locative"
"Atlas Rouge - Maroc","B2 - Gestion Airbnb","Responsive search ad","Gestion Airbnb à Marrakech","Conciergerie Clé en Main","Votre Airbnb Géré de A à Z","Maximisez Vos Revenus","Ménage, Check-in, Annonces","Agence Francophone à Marrakech","Sans Engagement","Estimation Gratuite en 24h","Location Courte Durée","Nous Gérons Tout pour Vous","Experts Immobilier Marrakech","Plus de Réservations","Gestion Airbnb clé en main à Marrakech : annonces, voyageurs, ménage, check-in.","Maximisez les revenus de votre bien en courte durée. Vous n'avez rien à faire.","Agence francophone à Marrakech. Estimation gratuite et sans engagement.","Confiez-nous votre conciergerie. Demandez votre estimation dès aujourd'hui.","Conciergerie","Airbnb","https://atlasrouge.com/fr/gestion-locative?utm_source=google&utm_medium=cpc&utm_campaign=maroc&utm_content=gestion-airbnb"
"Atlas Rouge - Maroc","C - Estimation","Responsive search ad","Estimation Gratuite en 24h","Quel Est le Prix de Votre Bien","Estimez Votre Bien à Marrakech","Sans Engagement","Prix du M² à Marrakech","Agence Francophone à Marrakech","Estimation Pro et Fiable","Connaissez la Valeur Réelle","Experts Immobilier Marrakech","Vendre ou Louer à Marrakech","Réponse en 24h","Votre Bien, Notre Expertise","Combien vaut votre bien à Marrakech ? Estimation gratuite, fiable et sans engagement.","Une équipe locale francophone estime votre appartement, villa ou riad.","Connaissez la valeur réelle de votre bien avant de vendre ou louer.","Demandez votre estimation gratuite en 24h. Parlons de votre projet.","Estimation","Gratuite","https://atlasrouge.com/fr/estimation?utm_source=google&utm_medium=cpc&utm_campaign=maroc&utm_content=estimation"
"Atlas Rouge - Maroc","D - Agence","Responsive search ad","Agence Francophone à Marrakech","Vente, Location, Gestion","Votre Bien, Notre Expertise","Estimation Gratuite en 24h","Experts Immobilier Marrakech","Acheteurs Internationaux","Sans Engagement","Accompagnement de A à Z","Une Équipe Locale de Confiance","Confiez-nous Votre Bien","Vendez ou Louez Sereinement","Parlons de Votre Projet","Agence immobilière francophone à Marrakech. Vente, location et gestion clé en main.","Estimation gratuite, accompagnement complet et réseau d'acheteurs internationaux.","Une équipe locale de confiance pour votre bien à Marrakech. Sans engagement.","Demandez votre estimation gratuite dès aujourd'hui. Parlons de votre projet.","Agence","Marrakech","https://atlasrouge.com/fr/vendre?utm_source=google&utm_medium=cpc&utm_campaign=maroc&utm_content=agence"
