Campaign,Ad Group,Keyword,Criterion Type,Max CPC
Atlas Rouge - FR-France,A - Vendre,vendre appartement marrakech,Phrase,2.50
Atlas Rouge - FR-France,A - Vendre,vendre villa marrakech,Phrase,2.50
Atlas Rouge - FR-France,A - Vendre,vendre riad marrakech,Phrase,2.50
Atlas Rouge - FR-France,A - Vendre,vendre maison marrakech,Phrase,2.50
Atlas Rouge - FR-France,A - Vendre,vendre bien immobilier marrakech,Phrase,2.50
Atlas Rouge - FR-France,A - Vendre,vendre propriété marrakech,Phrase,2.50
Atlas Rouge - FR-France,A - Vendre,comment vendre appartement marrakech,Phrase,2.50
Atlas Rouge - FR-France,A - Vendre,agence pour vendre appartement marrakech,Phrase,2.50
Atlas Rouge - FR-France,A - Vendre,vendre mon appartement à marrakech,Exact,2.50
Atlas Rouge - FR-France,A - Vendre,vendre ma villa à marrakech,Exact,2.50
Atlas Rouge - FR-France,A - Vendre,je veux vendre mon bien à marrakech,Exact,2.50
Atlas Rouge - FR-France,B1 - Gestion locative,gestion locative marrakech,Phrase,2.00
Atlas Rouge - FR-France,B1 - Gestion locative,agence gestion locative marrakech,Phrase,2.00
Atlas Rouge - FR-France,B1 - Gestion locative,mettre en location appartement marrakech,Phrase,2.00
Atlas Rouge - FR-France,B1 - Gestion locative,mise en location villa marrakech,Phrase,2.00
Atlas Rouge - FR-France,B1 - Gestion locative,gestion location longue durée marrakech,Phrase,2.00
Atlas Rouge - FR-France,B1 - Gestion locative,gérer mon appartement marrakech,Exact,2.00
Atlas Rouge - FR-France,B2 - Gestion Airbnb,gestion airbnb marrakech,Phrase,2.00
Atlas Rouge - FR-France,B2 - Gestion Airbnb,conciergerie marrakech,Phrase,2.00
Atlas Rouge - FR-France,B2 - Gestion Airbnb,conciergerie airbnb marrakech,Phrase,2.00
Atlas Rouge - FR-France,B2 - Gestion Airbnb,gestion location courte durée marrakech,Phrase,2.00
Atlas Rouge - FR-France,B2 - Gestion Airbnb,gestion location saisonnière marrakech,Phrase,2.00
Atlas Rouge - FR-France,B2 - Gestion Airbnb,gérer mon airbnb marrakech,Phrase,2.00
Atlas Rouge - FR-France,C - Estimation,estimation appartement marrakech,Phrase,2.50
Atlas Rouge - FR-France,C - Estimation,estimation immobilière marrakech,Phrase,2.50
Atlas Rouge - FR-France,C - Estimation,estimer mon bien marrakech,Phrase,2.50
Atlas Rouge - FR-France,C - Estimation,prix immobilier marrakech 2026,Phrase,2.50
Atlas Rouge - FR-France,C - Estimation,prix m2 marrakech,Phrase,2.50
Atlas Rouge - FR-France,C - Estimation,valeur appartement marrakech,Phrase,2.50
Atlas Rouge - FR-France,C - Estimation,estimer mon appartement marrakech,Exact,2.50
Atlas Rouge - FR-France,D - Agence,agence immobilière marrakech,Phrase,1.50
Atlas Rouge - FR-France,D - Agence,agence immobilière française marrakech,Phrase,1.50
Atlas Rouge - FR-France,D - Agence,agence immobilière francophone marrakech,Phrase,1.50
Atlas Rouge - FR-France,D - Agence,meilleure agence immobilière marrakech,Phrase,1.50
Atlas Rouge - FR-France,,acheter,Negative Phrase,
Atlas Rouge - FR-France,,achat,Negative Phrase,
Atlas Rouge - FR-France,,à vendre,Negative Phrase,
Atlas Rouge - FR-France,,a vendre,Negative Phrase,
Atlas Rouge - FR-France,,buy,Negative Phrase,
Atlas Rouge - FR-France,,kaufen,Negative Phrase,
Atlas Rouge - FR-France,,comprar,Negative Phrase,
Atlas Rouge - FR-France,,pas cher,Negative Phrase,
Atlas Rouge - FR-France,,pas chère,Negative Phrase,
Atlas Rouge - FR-France,,bon marché,Negative Phrase,
Atlas Rouge - FR-France,,promo,Negative Phrase,
Atlas Rouge - FR-France,,location vacances,Negative Phrase,
Atlas Rouge - FR-France,,hotel,Negative Phrase,
Atlas Rouge - FR-France,,hôtel,Negative Phrase,
Atlas Rouge - FR-France,,emploi,Negative Phrase,
Atlas Rouge - FR-France,,travail,Negative Phrase,
Atlas Rouge - FR-France,,recrutement,Negative Phrase,
Atlas Rouge - FR-France,,vol,Negative Phrase,
Atlas Rouge - FR-France,,voyage,Negative Phrase,
Atlas Rouge - FR-France,,restaurant,Negative Phrase,
Atlas Rouge - FR-France,,que visiter,Negative Phrase,
Atlas Rouge - FR-France,,que faire à marrakech,Negative Phrase,
Atlas Rouge - FR-Diaspora,A - Vendre,vendre appartement marrakech,Phrase,2.50
Atlas Rouge - FR-Diaspora,A - Vendre,vendre villa marrakech,Phrase,2.50
Atlas Rouge - FR-Diaspora,A - Vendre,vendre riad marrakech,Phrase,2.50
Atlas Rouge - FR-Diaspora,A - Vendre,vendre maison marrakech,Phrase,2.50
Atlas Rouge - FR-Diaspora,A - Vendre,vendre bien immobilier marrakech,Phrase,2.50
Atlas Rouge - FR-Diaspora,A - Vendre,vendre propriété marrakech,Phrase,2.50
Atlas Rouge - FR-Diaspora,A - Vendre,comment vendre appartement marrakech,Phrase,2.50
Atlas Rouge - FR-Diaspora,A - Vendre,agence pour vendre appartement marrakech,Phrase,2.50
Atlas Rouge - FR-Diaspora,A - Vendre,vendre mon appartement à marrakech,Exact,2.50
Atlas Rouge - FR-Diaspora,A - Vendre,vendre ma villa à marrakech,Exact,2.50
Atlas Rouge - FR-Diaspora,A - Vendre,je veux vendre mon bien à marrakech,Exact,2.50
Atlas Rouge - FR-Diaspora,B1 - Gestion locative,gestion locative marrakech,Phrase,2.00
Atlas Rouge - FR-Diaspora,B1 - Gestion locative,agence gestion locative marrakech,Phrase,2.00
Atlas Rouge - FR-Diaspora,B1 - Gestion locative,mettre en location appartement marrakech,Phrase,2.00
Atlas Rouge - FR-Diaspora,B1 - Gestion locative,mise en location villa marrakech,Phrase,2.00
Atlas Rouge - FR-Diaspora,B1 - Gestion locative,gestion location longue durée marrakech,Phrase,2.00
Atlas Rouge - FR-Diaspora,B1 - Gestion locative,gérer mon appartement marrakech,Exact,2.00
Atlas Rouge - FR-Diaspora,B2 - Gestion Airbnb,gestion airbnb marrakech,Phrase,2.00
Atlas Rouge - FR-Diaspora,B2 - Gestion Airbnb,conciergerie marrakech,Phrase,2.00
Atlas Rouge - FR-Diaspora,B2 - Gestion Airbnb,conciergerie airbnb marrakech,Phrase,2.00
Atlas Rouge - FR-Diaspora,B2 - Gestion Airbnb,gestion location courte durée marrakech,Phrase,2.00
Atlas Rouge - FR-Diaspora,B2 - Gestion Airbnb,gestion location saisonnière marrakech,Phrase,2.00
Atlas Rouge - FR-Diaspora,B2 - Gestion Airbnb,gérer mon airbnb marrakech,Phrase,2.00
Atlas Rouge - FR-Diaspora,C - Estimation,estimation appartement marrakech,Phrase,2.50
Atlas Rouge - FR-Diaspora,C - Estimation,estimation immobilière marrakech,Phrase,2.50
Atlas Rouge - FR-Diaspora,C - Estimation,estimer mon bien marrakech,Phrase,2.50
Atlas Rouge - FR-Diaspora,C - Estimation,prix immobilier marrakech 2026,Phrase,2.50
Atlas Rouge - FR-Diaspora,C - Estimation,prix m2 marrakech,Phrase,2.50
Atlas Rouge - FR-Diaspora,C - Estimation,valeur appartement marrakech,Phrase,2.50
Atlas Rouge - FR-Diaspora,C - Estimation,estimer mon appartement marrakech,Exact,2.50
Atlas Rouge - FR-Diaspora,D - Agence,agence immobilière marrakech,Phrase,1.50
Atlas Rouge - FR-Diaspora,D - Agence,agence immobilière française marrakech,Phrase,1.50
Atlas Rouge - FR-Diaspora,D - Agence,agence immobilière francophone marrakech,Phrase,1.50
Atlas Rouge - FR-Diaspora,D - Agence,meilleure agence immobilière marrakech,Phrase,1.50
Atlas Rouge - FR-Diaspora,,acheter,Negative Phrase,
Atlas Rouge - FR-Diaspora,,achat,Negative Phrase,
Atlas Rouge - FR-Diaspora,,à vendre,Negative Phrase,
Atlas Rouge - FR-Diaspora,,a vendre,Negative Phrase,
Atlas Rouge - FR-Diaspora,,buy,Negative Phrase,
Atlas Rouge - FR-Diaspora,,kaufen,Negative Phrase,
Atlas Rouge - FR-Diaspora,,comprar,Negative Phrase,
Atlas Rouge - FR-Diaspora,,pas cher,Negative Phrase,
Atlas Rouge - FR-Diaspora,,pas chère,Negative Phrase,
Atlas Rouge - FR-Diaspora,,bon marché,Negative Phrase,
Atlas Rouge - FR-Diaspora,,promo,Negative Phrase,
Atlas Rouge - FR-Diaspora,,location vacances,Negative Phrase,
Atlas Rouge - FR-Diaspora,,hotel,Negative Phrase,
Atlas Rouge - FR-Diaspora,,hôtel,Negative Phrase,
Atlas Rouge - FR-Diaspora,,emploi,Negative Phrase,
Atlas Rouge - FR-Diaspora,,travail,Negative Phrase,
Atlas Rouge - FR-Diaspora,,recrutement,Negative Phrase,
Atlas Rouge - FR-Diaspora,,vol,Negative Phrase,
Atlas Rouge - FR-Diaspora,,voyage,Negative Phrase,
Atlas Rouge - FR-Diaspora,,restaurant,Negative Phrase,
Atlas Rouge - FR-Diaspora,,que visiter,Negative Phrase,
Atlas Rouge - FR-Diaspora,,que faire à marrakech,Negative Phrase,
Atlas Rouge - Maroc,A - Vendre,vendre appartement marrakech,Phrase,2.50
Atlas Rouge - Maroc,A - Vendre,vendre villa marrakech,Phrase,2.50
Atlas Rouge - Maroc,A - Vendre,vendre riad marrakech,Phrase,2.50
Atlas Rouge - Maroc,A - Vendre,vendre maison marrakech,Phrase,2.50
Atlas Rouge - Maroc,A - Vendre,vendre bien immobilier marrakech,Phrase,2.50
Atlas Rouge - Maroc,A - Vendre,vendre propriété marrakech,Phrase,2.50
Atlas Rouge - Maroc,A - Vendre,comment vendre appartement marrakech,Phrase,2.50
Atlas Rouge - Maroc,A - Vendre,agence pour vendre appartement marrakech,Phrase,2.50
Atlas Rouge - Maroc,A - Vendre,vendre mon appartement à marrakech,Exact,2.50
Atlas Rouge - Maroc,A - Vendre,vendre ma villa à marrakech,Exact,2.50
Atlas Rouge - Maroc,A - Vendre,je veux vendre mon bien à marrakech,Exact,2.50
Atlas Rouge - Maroc,B1 - Gestion locative,gestion locative marrakech,Phrase,2.00
Atlas Rouge - Maroc,B1 - Gestion locative,agence gestion locative marrakech,Phrase,2.00
Atlas Rouge - Maroc,B1 - Gestion locative,mettre en location appartement marrakech,Phrase,2.00
Atlas Rouge - Maroc,B1 - Gestion locative,mise en location villa marrakech,Phrase,2.00
Atlas Rouge - Maroc,B1 - Gestion locative,gestion location longue durée marrakech,Phrase,2.00
Atlas Rouge - Maroc,B1 - Gestion locative,gérer mon appartement marrakech,Exact,2.00
Atlas Rouge - Maroc,B2 - Gestion Airbnb,gestion airbnb marrakech,Phrase,2.00
Atlas Rouge - Maroc,B2 - Gestion Airbnb,conciergerie marrakech,Phrase,2.00
Atlas Rouge - Maroc,B2 - Gestion Airbnb,conciergerie airbnb marrakech,Phrase,2.00
Atlas Rouge - Maroc,B2 - Gestion Airbnb,gestion location courte durée marrakech,Phrase,2.00
Atlas Rouge - Maroc,B2 - Gestion Airbnb,gestion location saisonnière marrakech,Phrase,2.00
Atlas Rouge - Maroc,B2 - Gestion Airbnb,gérer mon airbnb marrakech,Phrase,2.00
Atlas Rouge - Maroc,C - Estimation,estimation appartement marrakech,Phrase,2.50
Atlas Rouge - Maroc,C - Estimation,estimation immobilière marrakech,Phrase,2.50
Atlas Rouge - Maroc,C - Estimation,estimer mon bien marrakech,Phrase,2.50
Atlas Rouge - Maroc,C - Estimation,prix immobilier marrakech 2026,Phrase,2.50
Atlas Rouge - Maroc,C - Estimation,prix m2 marrakech,Phrase,2.50
Atlas Rouge - Maroc,C - Estimation,valeur appartement marrakech,Phrase,2.50
Atlas Rouge - Maroc,C - Estimation,estimer mon appartement marrakech,Exact,2.50
Atlas Rouge - Maroc,D - Agence,agence immobilière marrakech,Phrase,1.50
Atlas Rouge - Maroc,D - Agence,agence immobilière française marrakech,Phrase,1.50
Atlas Rouge - Maroc,D - Agence,agence immobilière francophone marrakech,Phrase,1.50
Atlas Rouge - Maroc,D - Agence,meilleure agence immobilière marrakech,Phrase,1.50
Atlas Rouge - Maroc,,acheter,Negative Phrase,
Atlas Rouge - Maroc,,achat,Negative Phrase,
Atlas Rouge - Maroc,,à vendre,Negative Phrase,
Atlas Rouge - Maroc,,a vendre,Negative Phrase,
Atlas Rouge - Maroc,,buy,Negative Phrase,
Atlas Rouge - Maroc,,kaufen,Negative Phrase,
Atlas Rouge - Maroc,,comprar,Negative Phrase,
Atlas Rouge - Maroc,,pas cher,Negative Phrase,
Atlas Rouge - Maroc,,pas chère,Negative Phrase,
Atlas Rouge - Maroc,,bon marché,Negative Phrase,
Atlas Rouge - Maroc,,promo,Negative Phrase,
Atlas Rouge - Maroc,,location vacances,Negative Phrase,
Atlas Rouge - Maroc,,hotel,Negative Phrase,
Atlas Rouge - Maroc,,hôtel,Negative Phrase,
Atlas Rouge - Maroc,,emploi,Negative Phrase,
Atlas Rouge - Maroc,,travail,Negative Phrase,
Atlas Rouge - Maroc,,recrutement,Negative Phrase,
Atlas Rouge - Maroc,,vol,Negative Phrase,
Atlas Rouge - Maroc,,voyage,Negative Phrase,
Atlas Rouge - Maroc,,restaurant,Negative Phrase,
Atlas Rouge - Maroc,,que visiter,Negative Phrase,
Atlas Rouge - Maroc,,que faire à marrakech,Negative Phrase,
